{
    "Ir2Na2": [
        [
            1.565,
            66,
            157.5,
            107.60338464000002,
            0.6350000000000001,
            135.0,
            180.0,
            1.27,
            5.0
        ],
        1.888520129760181
    ],
    "Pt2As": [
        [
            2.1933333333333334,
            45,
            128.33333333333334,
            155.029865,
            0.009428090415820642,
            115.0,
            135.0,
            0.020000000000000018,
            8.333333333333334
        ],
        -0.12133245764693612
    ]
}