{
    "Na": [
        2,
        -2.613463878631592
    ],
    "Ir": [
        4,
        -35.46720886230469
    ],
    "As": [
        6,
        -27.9271240234375
    ],
    "Pt": [
        4,
        -24.19590187072754
    ],
    "Ni": [
        4,
        -23.06524658203125
    ],
    "Ta": [
        2,
        -23.70492172241211
    ],
    "Mo": [
        2,
        -21.686614990234375
    ],
    "Sm": [
        3,
        -12.584615707397461
    ],
    "P": [
        8,
        -42.929237365722656
    ],
    "Ge": [
        8,
        -36.84333801269531
    ],
    "Mn": [
        58,
        -531.5847778320312
    ],
    "Sb": [
        6,
        -24.856931686401367
    ],
    "Br": [
        8,
        -12.26357650756836
    ],
    "Ba": [
        2,
        -3.840644359588623
    ],
    "Ca": [
        4,
        -8.01344108581543
    ],
    "Pd": [
        4,
        -20.726974487304688
    ],
    "Sr": [
        4,
        -6.734219551086426
    ],
    "Fe": [
        2,
        -16.888460159301758
    ],
    "Pb": [
        4,
        -14.789584159851074
    ],
    "In": [
        2,
        -5.43372106552124
    ],
    "Sn": [
        2,
        -7.898735046386719
    ],
    "Nb": [
        2,
        -20.18225860595703
    ],
    "Bi": [
        4,
        -15.289844512939453
    ],
    "Ga": [
        8,
        -24.187088012695312
    ],
    "Cu": [
        4,
        -16.365550994873047
    ],
    "W": [
        2,
        -25.91641616821289
    ],
    "Rh": [
        4,
        -29.400602340698242
    ],
    "V": [
        2,
        -18.170866012573242
    ],
    "Ac": [
        4,
        -16.404191970825195
    ],
    "I": [
        8,
        -11.27590560913086
    ],
    "Eu": [
        2,
        -20.4771785736084
    ],
    "U": [
        8,
        -87.9658203125
    ],
    "Cr": [
        2,
        -19.272891998291016
    ],
    "Ce": [
        4,
        -22.403465270996094
    ],
    "Rb": [
        2,
        -1.9263267517089844
    ],
    "K": [
        2,
        -2.1964216232299805
    ],
    "Ag": [
        4,
        -11.308030128479004
    ],
    "Al": [
        4,
        -14.980475425720215
    ],
    "Yb": [
        4,
        -5.990557670593262
    ],
    "Cs": [
        2,
        -1.699300765991211
    ],
    "Au": [
        4,
        -13.094429969787598
    ],
    "Pa": [
        2,
        -18.613014221191406
    ],
    "Th": [
        4,
        -29.638755798339844
    ],
    "Np": [
        8,
        -101.51390075683594
    ]
}