{
    "Na": [
        2,
        -2.606849193572998
    ],
    "Ir": [
        4,
        -35.44403076171875
    ],
    "As": [
        6,
        -27.838623046875
    ],
    "Pt": [
        4,
        -24.23782730102539
    ],
    "Ni": [
        4,
        -23.073667526245117
    ],
    "Ta": [
        2,
        -23.67586326599121
    ],
    "Mo": [
        2,
        -21.368026733398438
    ],
    "Sm": [
        3,
        -12.97471809387207
    ],
    "P": [
        8,
        -42.978050231933594
    ],
    "Ge": [
        8,
        -36.62063980102539
    ],
    "Mn": [
        58,
        -528.6471557617188
    ],
    "Sb": [
        6,
        -24.639816284179688
    ],
    "Br": [
        8,
        -12.40904426574707
    ],
    "Ba": [
        2,
        -3.647536277770996
    ],
    "Ca": [
        4,
        -7.968954086303711
    ],
    "Pd": [
        4,
        -20.746471405029297
    ],
    "Sr": [
        4,
        -6.70284366607666
    ],
    "Fe": [
        2,
        -16.729881286621094
    ],
    "Pb": [
        4,
        -14.768635749816895
    ],
    "In": [
        2,
        -5.430088043212891
    ],
    "Sn": [
        2,
        -7.895471572875977
    ],
    "Nb": [
        2,
        -20.185810089111328
    ],
    "Bi": [
        4,
        -15.2405366897583
    ],
    "Ga": [
        8,
        -24.179044723510742
    ],
    "Cu": [
        4,
        -16.384796142578125
    ],
    "W": [
        2,
        -25.5202693939209
    ],
    "Rh": [
        4,
        -29.364112854003906
    ],
    "V": [
        2,
        -18.162288665771484
    ],
    "Ac": [
        4,
        -16.342832565307617
    ],
    "I": [
        8,
        -11.695618629455566
    ],
    "Eu": [
        2,
        -20.464466094970703
    ],
    "U": [
        8,
        -87.72198486328125
    ],
    "Cr": [
        2,
        -19.008195877075195
    ],
    "Ce": [
        4,
        -22.50836944580078
    ],
    "Rb": [
        2,
        -1.880363941192627
    ],
    "K": [
        2,
        -2.1350691318511963
    ],
    "Ag": [
        4,
        -11.306273460388184
    ],
    "Al": [
        4,
        -14.87814712524414
    ],
    "Yb": [
        4,
        -5.996817588806152
    ],
    "Cs": [
        2,
        -1.6930997371673584
    ],
    "Au": [
        4,
        -13.06581974029541
    ],
    "Pa": [
        2,
        -18.671634674072266
    ],
    "Th": [
        4,
        -29.643312454223633
    ],
    "Np": [
        8,
        -102.0445556640625
    ]
}