{
    "Na": [
        2,
        -2.610641327565582
    ],
    "Ir": [
        4,
        -35.28044576616728
    ],
    "As": [
        6,
        -27.67369794202979
    ],
    "Pt": [
        4,
        -24.138431558118338
    ],
    "Ni": [
        4,
        -22.92730309623691
    ],
    "Ta": [
        2,
        -23.79799873016572
    ],
    "Mo": [
        2,
        -21.38866579299701
    ],
    "Sm": [
        3,
        -13.211578047702657
    ],
    "P": [
        8,
        -43.19252078154264
    ],
    "Ge": [
        8,
        -36.20047242202957
    ],
    "Mn": [
        58,
        -531.5470867982012
    ],
    "Sb": [
        6,
        -24.41473184206994
    ],
    "Br": [
        8,
        -12.583815848058011
    ],
    "Ba": [
        2,
        -3.722729338598432
    ],
    "Ca": [
        4,
        -8.036482860887196
    ],
    "Pd": [
        4,
        -20.745409503079994
    ],
    "Sr": [
        4,
        -6.6818452105834805
    ],
    "Fe": [
        2,
        -16.779167697866594
    ],
    "Pb": [
        4,
        -14.785153352407717
    ],
    "In": [
        2,
        -5.409491501748776
    ],
    "Sn": [
        2,
        -7.854671129132578
    ],
    "Nb": [
        2,
        -20.170928884473206
    ],
    "Bi": [
        4,
        -15.231585231214293
    ],
    "Ga": [
        8,
        -24.200056635906698
    ],
    "Cu": [
        4,
        -16.337477241651186
    ],
    "W": [
        2,
        -25.492974669549724
    ],
    "Rh": [
        4,
        -29.161207660401775
    ],
    "V": [
        2,
        -18.197122208289333
    ],
    "Ac": [
        4,
        -16.43782778413162
    ],
    "I": [
        8,
        -11.863312928839894
    ],
    "Eu": [
        2,
        -20.51009688785779
    ],
    "U": [
        8,
        -88.6638763294697
    ],
    "Cr": [
        2,
        -18.89275217316997
    ],
    "Ce": [
        4,
        -22.43484868970878
    ],
    "Rb": [
        2,
        -1.8181637392711214
    ],
    "K": [
        2,
        -2.117782378266972
    ],
    "Ag": [
        4,
        -11.34382563314262
    ],
    "Al": [
        4,
        -14.910324918596327
    ],
    "Yb": [
        4,
        -5.948546456187389
    ],
    "Cs": [
        2,
        -1.6742830822334147
    ],
    "Au": [
        4,
        -12.983075688602
    ],
    "Pa": [
        2,
        -18.544357495220922
    ],
    "Th": [
        4,
        -29.79037200999378
    ],
    "Np": [
        8,
        -102.46869218555116
    ]
}